0,1,2,3,4,5,6,7,8,9
こと,好き,方,漫画,何,フォローお願い,残念,私,話,魔法少女
好き,久しぶり,公開,メインスタッフ,予約,力,部分,気,話,満足
やつ,誰,スタッフ,明らか,化決定,キャラデザ公開,位置情報ゲームイングレス,気持ち,ヒナまつり,とき
これ,わたし,うち,確か,私,検索,セトリ,間違い,0本,ゲーム
ネタ,the,後,視聴,艦これ,話,ホント,秋,animation,先
そう,0年,シーン,顔,消化,自分,すき,好き,バスケ,方
それ,0回,0巻,登場,キャラクター,理解,こと,漫画,イケメン,笑
版,人間,相互フォロー,事,ゲーム,所,設定,フォロバ0,フォロー,昨日
言葉,ここ,声優,イベント,キャラ,今回,劇場版,完全,なに,ゲーム
方,ライブ,エロ,無理,ため,定期,来週,フォロバ,是非,今日
録画,作業,映画犬ヶ島,応酬コマ,パペットメイキング映像,写真,一番,豪華,今季,周り
恋,感動,銀英伝,テレビ,名作,待機,けいおん,位置情報ゲー,イングレスキャラビジュアル公開,0話
ed,公式,夢,世界観,愛,笑顔,fate,これ,勢,シーン
人,世界,他,意味,金カム,公開,涙,クソ,動き,ingress
心,鬼太郎,ギャグ,いつか,バンドリ,状況,敵,尻,of,ところ
0話,0月,垢,人フォロー,tv,こっち,フジテレビ,フォロワーさん,枠,ボカロ
気,0期,魔法少女サイト,わけ,とこ,女児,ほう,まとめ,絵,作品
今日,p0,家,彼女,ドラマ,妄想,0月0日,そっ,鬱,回
明日,はず,映画,小説,0位,私,今日,ゲーム,コナン,理由
好き,フォロー,定期,人,気軽,奴,目,0年前,チェック,プレイ
最高,ゲーム,ストーリー,当時,歌,夜,新,大人,心配,コスプレ
お願い,楽しみ,ツイート,さん,フォロー,好き,私,人,ゴールデンカムイ,黒
昔,op,みんな,最終回,感,日常,野球,演出,話,再現
タイトル,制作,劇場,0次元,決定,ハイスクール,カラオケ,時,落語,塗り
俺,テレビ,全部,あれ,好き,マジ,個人的,人,もん,コラボ
よう,0人,自分,sao,最近,みたい,びっくり,こと,人,時期
定期,rt,好き,人全員フォロー,深夜,人,もの,相互希望,お話,rtrt
グッズ,あなた,プリキュア,記憶,様,竜,高校,私,目,ウィクロス
僕,君,大罪,期待,0分,七つ,漫画,最初,もの,系
大好き,趣味,素敵,どれ,定期,こと,好きさん,方,人,dm
オタク,一緒,友達,人,好き,0度,朝,お金,東京,おじさん
今,作品,時,話,内容,原作,好き,花,音楽,たくさん
化,なん,名言,量子力学,アレ,嘘,公開,本編,幸せ,割
曲,女の子,もの,キャン,プリチャン,楽しみ,いつ,カッコ,斉木楠雄,こと
声,漫画,普通,ところ,イメージ,イナイレ,好き,charlotte,舞台,ゲーム
場合,‍♀,大変,子供向け,0年代,こと,休み,場面,絵描き,好き
ペルソナ0,大丈夫,男,配信,ハクメイ,人生,嫁,ミコチ,金,ブログ
話題,展開,ファン,物語,せい,絵,0話,こと,タイミング,暇
仕事,日,アカウント,前,方,歓迎,ラブライブ,外,視聴中,定期好き
時間,子,ちゃん,リアタイ,オリジナル,ぺご,仕方,ソロ,小学生,みなさん
原作,日本,動画,雰囲気,めちゃくちゃ,イングレス本田雄,酒,微妙,方,海外
今期,ヒロアカ,情報,リプ,そこ,興味,綺麗,アベマtv0周年,ウマ娘,ペルソナ特番
夏,次,本,問題,ペルソナ,つもり,場所,メガロボクス,д,流れ
感じ,おすすめ,価値,無料,画像,人,親,私,ヒロイン,黒子
キャラ,絶対,好き,0部,方,声優さん,私,中学生,衣装,twitter
オススメ,0日,進撃,どっち,銀魂,tl,ゲーム,好き,りすor,リゼロ
春,中,頭,手,人気,事,印象,久々,冬,人
笑,何,放送,好き,マンガ,みたい,逆,そう,まじ,絵柄
名前,主人公,どこ,神,キャラ,影響,死神,漫画,好き,興奮
最近,あと,拡散希望,好き,anime,譲渡,0合,艸,live,反応
